ALTER TABLE `pds_core_menu_items` ADD COLUMN `layout`  varchar(255) CHARACTER SET utf8 COLLATE utf8_general_ci NULL DEFAULT NULL AFTER `alias`;
UPDATE `pds_core_cron` SET menu_id='971937357' WHERE menu_id='1195285370';
UPDATE `pds_core_cron` SET menu_id='2318318403' WHERE menu_id='2953441878';
UPDATE `pds_core_cron` SET menu_id='3312846783' WHERE menu_id='2749758364';

DELETE FROM `pds_core_menu_items` WHERE plugin='PHPDevShell';

REPLACE INTO `pds_core_menu_items` VALUES ('48580716', '2190226087', '', 'scripts/registration-token-admin/registration-token-admin.php', 'PHPDevShell', '1', '', '0', '2', '0', '844895956', 'new-token', '');
REPLACE INTO `pds_core_menu_items` VALUES ('131201277', '2672247793', '', 'scripts/user-admin/user-admin-list.php', 'PHPDevShell', '1', '', '0', '1', '0', '844895956', 'manage-users', '');
REPLACE INTO `pds_core_menu_items` VALUES ('304549792', '1814972020', '', 'scripts/user-admin/user-group-admin.link', 'PHPDevShell', '2', '1772410402', '0', '3', '4', '844895956', 'edit-group', '');
REPLACE INTO `pds_core_menu_items` VALUES ('585886089', '982913650', '', 'scripts/plugin-admin/plugin-activation.php', 'PHPDevShell', '1', '', '0', '2', '0', '844895956', 'plugins-admin', '');
REPLACE INTO `pds_core_menu_items` VALUES ('658744329', '2565306204', '', 'scripts/hooks-admin/hooks-admin.php', 'PHPDevShell', '1', '', '0', '2', '0', '844895956', 'new-hook', '');
REPLACE INTO `pds_core_menu_items` VALUES ('742061208', '930839394', '', 'scripts/cron-admin/run-cron.php', 'PHPDevShell', '1', '', '0', '3', '1', '844895956', 'system-cronjob', '');
REPLACE INTO `pds_core_menu_items` VALUES ('863779375', '3669783681', '', 'scripts/system-admin/admin.php', 'PHPDevShell', '1', '', '0', '1', '0', '844895956', 'stelsel-inligting', '');
REPLACE INTO `pds_core_menu_items` VALUES ('885145814', '2672247793', '', 'scripts/user-admin/user-admin.link', 'PHPDevShell', '2', '1440418834', '0', '3', '4', '844895956', 'wysig-lid', '');
REPLACE INTO `pds_core_menu_items` VALUES ('930839394', '2509699192', '', 'scripts/cron-admin/cronjob-admin-list.php.link', 'PHPDevShell', '2', '4134883375', '0', '3', '2', '844895956', 'cronjob-admin', '');
REPLACE INTO `pds_core_menu_items` VALUES ('940041356', '0', '', 'scripts/user/control-panel.php', 'PHPDevShell', '1', '', '0', '8', '1', '844895956', 'cp', '');
REPLACE INTO `pds_core_menu_items` VALUES ('967550350', '3968968736', '', 'scripts/menu-admin/menu-item-admin.php', 'PHPDevShell', '1', '', '0', '2', '0', '844895956', 'nuwe-kieslys', '');
REPLACE INTO `pds_core_menu_items` VALUES ('971937357', '930839394', '', 'scripts/cron/optimize-database.php', 'PHPDevShell', '8', '', '0', '6', '1', '844895956', 'optimize-database', '');
REPLACE INTO `pds_core_menu_items` VALUES ('982913650', '2509699192', '', 'scripts/system-admin/general-settings.php.link', 'PHPDevShell', '2', '1363712008', '0', '2', '2', '844895956', 'system-admin', '');
REPLACE INTO `pds_core_menu_items` VALUES ('1016054546', '930839394', '', 'scripts/cron-admin/cronjob-admin.php', 'PHPDevShell', '1', '', '0', '2', '4', '844895956', 'edit-cronjob', '');
REPLACE INTO `pds_core_menu_items` VALUES ('1210756465', '2672247793', '', 'scripts/user-admin/user-admin-pending.php', 'PHPDevShell', '1', '', '0', '4', '0', '844895956', 'pending-users', '');
REPLACE INTO `pds_core_menu_items` VALUES ('1363712008', '982913650', '', 'scripts/system-admin/general-settings.php', 'PHPDevShell', '1', '', '0', '1', '0', '844895956', 'stelselinstellings', '');
REPLACE INTO `pds_core_menu_items` VALUES ('1405303115', '2751748213', '', 'scripts/user-admin/user-role-admin.link', 'PHPDevShell', '2', '2313706889', '0', '3', '4', '844895956', 'edit-role', '');
REPLACE INTO `pds_core_menu_items` VALUES ('1411278578', '2509699192', '', 'scripts/user/control-panel.user-control', 'PHPDevShell', '2', '940041356', '0', '6', '0', '844895956', 'policy-admin', '');
REPLACE INTO `pds_core_menu_items` VALUES ('1440418834', '2672247793', '', 'scripts/user-admin/user-admin.php', 'PHPDevShell', '1', '', '0', '2', '0', '844895956', 'new-user', '');
REPLACE INTO `pds_core_menu_items` VALUES ('1648130103', '3669783681', '', 'scripts/logs-admin/system-logs.php', 'PHPDevShell', '1', '', '0', '2', '0', '844895956', 'system-logs', '');
REPLACE INTO `pds_core_menu_items` VALUES ('1669337107', '982913650', '', 'scripts/template-admin/template-admin-list.php', 'PHPDevShell', '1', '', '0', '3', '0', '844895956', 'template-admin', '');
REPLACE INTO `pds_core_menu_items` VALUES ('1772410402', '1814972020', '', 'scripts/user-admin/user-group-admin.php', 'PHPDevShell', '1', '', '0', '2', '0', '844895956', 'nuwe-groep', '');
REPLACE INTO `pds_core_menu_items` VALUES ('1814972020', '1411278578', '', 'scripts/user-admin/user-group-admin-list.php.link', 'PHPDevShell', '2', '3276230420', '0', '4', '2', '844895956', 'group-admin', '');
REPLACE INTO `pds_core_menu_items` VALUES ('1886139891', '2190226087', '', 'scripts/registration-token-admin/email-token.php', 'PHPDevShell', '1', '', '0', '4', '4', '844895956', 'email-token', '');
REPLACE INTO `pds_core_menu_items` VALUES ('1901799184', '0', '', 'scripts/user/lost-password.php', 'PHPDevShell', '1', '', '0', '3', '0', '844895956', 'wagwoord-verloor', '');
REPLACE INTO `pds_core_menu_items` VALUES ('1983356344', '2565306204', '', 'scripts/hooks-admin/hooks-admin-list.php', 'PHPDevShell', '1', '', '0', '1', '0', '844895956', 'manage-hooks', '');
REPLACE INTO `pds_core_menu_items` VALUES ('2021208659', '3669783681', '', 'scripts/logs-admin/fileupload-logs.php', 'PHPDevShell', '1', '', '0', '4', '0', '844895956', 'upload-logs', '');
REPLACE INTO `pds_core_menu_items` VALUES ('2143500606', '0', '', 'scripts/user/register-finalize.php', 'PHPDevShell', '1', '', '0', '9', '1', '844895956', 'finish-registration', '');
REPLACE INTO `pds_core_menu_items` VALUES ('2190226087', '1411278578', '', 'scripts/registration-token-admin/registration-token-admin-list.php.link', 'PHPDevShell', '2', '2387241520', '0', '5', '2', '844895956', 'token-admin', '');
REPLACE INTO `pds_core_menu_items` VALUES ('2200445609', '2190226087', '', 'scripts/registration-token-admin/registration-token-admin.link', 'PHPDevShell', '2', '48580716', '0', '3', '4', '844895956', 'edit-token', '');
REPLACE INTO `pds_core_menu_items` VALUES ('2266433229', '0', '', 'scripts/user/readme.php', 'PHPDevShell', '1', '', '0', '1', '0', '844895956', 'lees-my', '');
REPLACE INTO `pds_core_menu_items` VALUES ('2313706889', '2751748213', '', 'scripts/user-admin/user-role-admin.php', 'PHPDevShell', '1', '', '0', '2', '0', '844895956', 'new-role', '');
REPLACE INTO `pds_core_menu_items` VALUES ('2387241520', '2190226087', '', 'scripts/registration-token-admin/registration-token-admin-list.php', 'PHPDevShell', '1', '', '0', '1', '0', '844895956', 'manage-tokens', '');
REPLACE INTO `pds_core_menu_items` VALUES ('2390350678', '3669783681', '', 'scripts/logs-admin/menu-access-logs.php', 'PHPDevShell', '1', '', '0', '3', '0', '844895956', 'access-logs', '');
REPLACE INTO `pds_core_menu_items` VALUES ('2509699192', '0', '', 'scripts/user/control-panel.system-admin', 'PHPDevShell', '2', '940041356', '0', '10', '0', '844895956', 'control-panel', '');
REPLACE INTO `pds_core_menu_items` VALUES ('2565306204', '2509699192', '', 'scripts/hooks-admin/hooks-admin-list.php.link', 'PHPDevShell', '2', '1983356344', '0', '4', '2', '844895956', 'hook-admin', '');
REPLACE INTO `pds_core_menu_items` VALUES ('2672247793', '1411278578', '', 'scripts/user-admin/user-admin-list.php.link', 'PHPDevShell', '2', '131201277', '0', '2', '2', '844895956', 'user-admin', '');
REPLACE INTO `pds_core_menu_items` VALUES ('2749758364', '930839394', '', 'scripts/cron/repair-database.php', 'PHPDevShell', '8', '', '0', '5', '1', '844895956', 'repair-database', '');
REPLACE INTO `pds_core_menu_items` VALUES ('2751748213', '1411278578', '', 'scripts/user-admin/user-role-admin-list.php.link', 'PHPDevShell', '2', '3642120161', '0', '3', '2', '844895956', 'role-admin', '');
REPLACE INTO `pds_core_menu_items` VALUES ('2946674795', '0', '', 'scripts/user/edit-preferences.php', 'PHPDevShell', '1', '', '0', '7', '0', '844895956', 'user-preferences', '');
REPLACE INTO `pds_core_menu_items` VALUES ('2953441878', '930839394', '', 'scripts/cron/trim-logs.php', 'PHPDevShell', '8', '', '0', '4', '1', '844895956', 'trim-logs', '');
REPLACE INTO `pds_core_menu_items` VALUES ('3201634706', '2565306204', '', 'scripts/hooks-admin/hooks-admin.link', 'PHPDevShell', '2', '658744329', '0', '3', '4', '844895956', 'edit-hook', '');
REPLACE INTO `pds_core_menu_items` VALUES ('3204262040', '3968968736', '', 'scripts/menu-admin/menu-item-admin-list.php', 'PHPDevShell', '1', '', '0', '1', '0', '844895956', 'manage-menus', '');
REPLACE INTO `pds_core_menu_items` VALUES ('3247623521', '1411278578', '', 'scripts/menu-admin/menu-item-admin-permissions.php', 'PHPDevShell', '1', '', '0', '1', '0', '844895956', 'access-control', '');
REPLACE INTO `pds_core_menu_items` VALUES ('3276230420', '1814972020', '', 'scripts/user-admin/user-group-admin-list.php', 'PHPDevShell', '1', '', '0', '1', '0', '844895956', 'manage-groups', '');
REPLACE INTO `pds_core_menu_items` VALUES ('3440897808', '3968968736', '', 'scripts/menu-admin/menu-item-admin.link', 'PHPDevShell', '2', '967550350', '0', '3', '4', '844895956', 'redigeer-kieslys', '');
REPLACE INTO `pds_core_menu_items` VALUES ('3467402321', '2672247793', '', 'scripts/user-admin/user-admin-import.php', 'PHPDevShell', '1', '', '0', '5', '0', '844895956', 'voer-lede-in', '');
REPLACE INTO `pds_core_menu_items` VALUES ('3637061744', '2565306204', '', 'scripts/hooks-admin/hooks-source-view.php', 'PHPDevShell', '1', '', '1', '4', '1', '1853738931', 'view-source', '');
REPLACE INTO `pds_core_menu_items` VALUES ('3642120161', '2751748213', '', 'scripts/user-admin/user-role-admin-list.php', 'PHPDevShell', '1', '', '0', '1', '0', '844895956', 'manage-roles', '');
REPLACE INTO `pds_core_menu_items` VALUES ('3669783681', '2509699192', '', 'scripts/system-admin/admin.php.link', 'PHPDevShell', '2', '863779375', '0', '1', '2', '844895956', 'system-status', '');
REPLACE INTO `pds_core_menu_items` VALUES ('3682403894', '0', '', 'scripts/user/login-page.php', 'PHPDevShell', '1', '', '0', '5', '0', '844895956', 'login', '');
REPLACE INTO `pds_core_menu_items` VALUES ('3727066128', '0', '', 'scripts/user/register.php', 'PHPDevShell', '1', '', '0', '2', '0', '844895956', 'registreer-gebruiker', '');
REPLACE INTO `pds_core_menu_items` VALUES ('3776270042', '0', '', 'scripts/user/email-admin.php', 'PHPDevShell', '1', '', '0', '6', '0', '844895956', 'contact-admin', '');
REPLACE INTO `pds_core_menu_items` VALUES ('3968968736', '2509699192', '', 'scripts/menu-admin/menu-item-admin-list.php.link', 'PHPDevShell', '2', '3204262040', '0', '5', '2', '844895956', 'menu-admin', '');
REPLACE INTO `pds_core_menu_items` VALUES ('4134883375', '930839394', '', 'scripts/cron-admin/cronjob-admin-list.php', 'PHPDevShell', '1', '', '0', '1', '0', '844895956', 'manage-cronjobs', '');
REPLACE INTO `pds_core_menu_items` VALUES ('4250544529', '3968968736', '', 'scripts/menu-admin/menu-item-admin-permissions.link', 'PHPDevShell', '2', '3247623521', '0', '4', '0', '844895956', 'access-control', '');
REPLACE INTO `pds_core_menu_items` VALUES ('4283172353', '0', '', 'scripts/user/new-password.php', 'PHPDevShell', '1', '', '0', '4', '1', '844895956', 'nuwe-wagwoord', '');

UPDATE `pds_core_menu_items` SET extend='2143500606' WHERE extend='18035721';
UPDATE `pds_core_menu_items` SET extend='2509699192' WHERE extend='36193340';
UPDATE `pds_core_menu_items` SET extend='2190226087' WHERE extend='111123573';
UPDATE `pds_core_menu_items` SET extend='1440418834' WHERE extend='191619429';
UPDATE `pds_core_menu_items` SET extend='304549792' WHERE extend='208237294';
UPDATE `pds_core_menu_items` SET extend='4134883375' WHERE extend='323817995';
UPDATE `pds_core_menu_items` SET extend='940041356' WHERE extend='341181139';
UPDATE `pds_core_menu_items` SET extend='3637061744' WHERE extend='356464753';
UPDATE `pds_core_menu_items` SET extend='3247623521' WHERE extend='440547003';
UPDATE `pds_core_menu_items` SET extend='1772410402' WHERE extend='640413872';
UPDATE `pds_core_menu_items` SET extend='2200445609' WHERE extend='689617893';
UPDATE `pds_core_menu_items` SET extend='2266433229' WHERE extend='784723190';
UPDATE `pds_core_menu_items` SET extend='1886139891' WHERE extend='923195901';
UPDATE `pds_core_menu_items` SET extend='48580716' WHERE extend='976247554';
UPDATE `pds_core_menu_items` SET extend='930839394' WHERE extend='995545489';
UPDATE `pds_core_menu_items` SET extend='863779375' WHERE extend='1129046760';
UPDATE `pds_core_menu_items` SET extend='967550350' WHERE extend='1167514587';
UPDATE `pds_core_menu_items` SET extend='971937357' WHERE extend='1195285370';
UPDATE `pds_core_menu_items` SET extend='1405303115' WHERE extend='1220452686';
UPDATE `pds_core_menu_items` SET extend='2565306204' WHERE extend='1256715608';
UPDATE `pds_core_menu_items` SET extend='131201277' WHERE extend='1459959902';
UPDATE `pds_core_menu_items` SET extend='2946674795' WHERE extend='1583657847';
UPDATE `pds_core_menu_items` SET extend='742061208' WHERE extend='1667569329';
UPDATE `pds_core_menu_items` SET extend='1016054546' WHERE extend='1704206302';
UPDATE `pds_core_menu_items` SET extend='1983356344' WHERE extend='1728148211';
UPDATE `pds_core_menu_items` SET extend='585886089' WHERE extend='1730011201';
UPDATE `pds_core_menu_items` SET extend='1814972020' WHERE extend='1807876231';
UPDATE `pds_core_menu_items` SET extend='3669783681' WHERE extend='1819433951';
UPDATE `pds_core_menu_items` SET extend='4283172353' WHERE extend='1942614051';
UPDATE `pds_core_menu_items` SET extend='1901799184' WHERE extend='1964924197';
UPDATE `pds_core_menu_items` SET extend='2953441878' WHERE extend='2318318403';
UPDATE `pds_core_menu_items` SET extend='3776270042' WHERE extend='2371016010';
UPDATE `pds_core_menu_items` SET extend='3682403894' WHERE extend='2591259490';
UPDATE `pds_core_menu_items` SET extend='4250544529' WHERE extend='2609365664';
UPDATE `pds_core_menu_items` SET extend='3201634706' WHERE extend='2642477313';
UPDATE `pds_core_menu_items` SET extend='3727066128' WHERE extend='2722875804';
UPDATE `pds_core_menu_items` SET extend='1411278578' WHERE extend='2817750288';
UPDATE `pds_core_menu_items` SET extend='2387241520' WHERE extend='2825714462';
UPDATE `pds_core_menu_items` SET extend='1363712008' WHERE extend='2847185666';
UPDATE `pds_core_menu_items` SET extend='658744329' WHERE extend='2855569662';
UPDATE `pds_core_menu_items` SET extend='3276230420' WHERE extend='2919575458';
UPDATE `pds_core_menu_items` SET extend='3204262040' WHERE extend='3028423910';
UPDATE `pds_core_menu_items` SET extend='3968968736' WHERE extend='3050075760';
UPDATE `pds_core_menu_items` SET extend='2749758364' WHERE extend='3312846783';
UPDATE `pds_core_menu_items` SET extend='2509699192' WHERE extend='3471102397';
UPDATE `pds_core_menu_items` SET extend='3467402321' WHERE extend='3504480543';
UPDATE `pds_core_menu_items` SET extend='3642120161' WHERE extend='3546901407';
UPDATE `pds_core_menu_items` SET extend='1648130103' WHERE extend='3558353956';
UPDATE `pds_core_menu_items` SET extend='3440897808' WHERE extend='3597301525';
UPDATE `pds_core_menu_items` SET extend='1210756465' WHERE extend='3645935515';
UPDATE `pds_core_menu_items` SET extend='2390350678' WHERE extend='3978249010';
UPDATE `pds_core_menu_items` SET extend='2672247793' WHERE extend='4004939785';
UPDATE `pds_core_menu_items` SET extend='2313706889' WHERE extend='4124386268';
UPDATE `pds_core_menu_items` SET extend='885145814' WHERE extend='4210889892';
UPDATE `pds_core_menu_items` SET extend='1669337107' WHERE extend='4240333880';
UPDATE `pds_core_menu_items` SET extend='2751748213' WHERE extend='4250502693';

UPDATE `pds_core_settings` SET setting_value='2143500606' WHERE setting_value='18035721';
UPDATE `pds_core_settings` SET setting_value='2509699192' WHERE setting_value='36193340';
UPDATE `pds_core_settings` SET setting_value='2190226087' WHERE setting_value='111123573';
UPDATE `pds_core_settings` SET setting_value='1440418834' WHERE setting_value='191619429';
UPDATE `pds_core_settings` SET setting_value='304549792' WHERE setting_value='208237294';
UPDATE `pds_core_settings` SET setting_value='4134883375' WHERE setting_value='323817995';
UPDATE `pds_core_settings` SET setting_value='940041356' WHERE setting_value='341181139';
UPDATE `pds_core_settings` SET setting_value='3637061744' WHERE setting_value='356464753';
UPDATE `pds_core_settings` SET setting_value='3247623521' WHERE setting_value='440547003';
UPDATE `pds_core_settings` SET setting_value='1772410402' WHERE setting_value='640413872';
UPDATE `pds_core_settings` SET setting_value='2200445609' WHERE setting_value='689617893';
UPDATE `pds_core_settings` SET setting_value='2266433229' WHERE setting_value='784723190';
UPDATE `pds_core_settings` SET setting_value='1886139891' WHERE setting_value='923195901';
UPDATE `pds_core_settings` SET setting_value='48580716' WHERE setting_value='976247554';
UPDATE `pds_core_settings` SET setting_value='930839394' WHERE setting_value='995545489';
UPDATE `pds_core_settings` SET setting_value='863779375' WHERE setting_value='1129046760';
UPDATE `pds_core_settings` SET setting_value='967550350' WHERE setting_value='1167514587';
UPDATE `pds_core_settings` SET setting_value='971937357' WHERE setting_value='1195285370';
UPDATE `pds_core_settings` SET setting_value='1405303115' WHERE setting_value='1220452686';
UPDATE `pds_core_settings` SET setting_value='2565306204' WHERE setting_value='1256715608';
UPDATE `pds_core_settings` SET setting_value='131201277' WHERE setting_value='1459959902';
UPDATE `pds_core_settings` SET setting_value='2946674795' WHERE setting_value='1583657847';
UPDATE `pds_core_settings` SET setting_value='742061208' WHERE setting_value='1667569329';
UPDATE `pds_core_settings` SET setting_value='1016054546' WHERE setting_value='1704206302';
UPDATE `pds_core_settings` SET setting_value='1983356344' WHERE setting_value='1728148211';
UPDATE `pds_core_settings` SET setting_value='585886089' WHERE setting_value='1730011201';
UPDATE `pds_core_settings` SET setting_value='1814972020' WHERE setting_value='1807876231';
UPDATE `pds_core_settings` SET setting_value='3669783681' WHERE setting_value='1819433951';
UPDATE `pds_core_settings` SET setting_value='4283172353' WHERE setting_value='1942614051';
UPDATE `pds_core_settings` SET setting_value='1901799184' WHERE setting_value='1964924197';
UPDATE `pds_core_settings` SET setting_value='2953441878' WHERE setting_value='2318318403';
UPDATE `pds_core_settings` SET setting_value='3776270042' WHERE setting_value='2371016010';
UPDATE `pds_core_settings` SET setting_value='3682403894' WHERE setting_value='2591259490';
UPDATE `pds_core_settings` SET setting_value='4250544529' WHERE setting_value='2609365664';
UPDATE `pds_core_settings` SET setting_value='3201634706' WHERE setting_value='2642477313';
UPDATE `pds_core_settings` SET setting_value='3727066128' WHERE setting_value='2722875804';
UPDATE `pds_core_settings` SET setting_value='1411278578' WHERE setting_value='2817750288';
UPDATE `pds_core_settings` SET setting_value='2387241520' WHERE setting_value='2825714462';
UPDATE `pds_core_settings` SET setting_value='1363712008' WHERE setting_value='2847185666';
UPDATE `pds_core_settings` SET setting_value='658744329' WHERE setting_value='2855569662';
UPDATE `pds_core_settings` SET setting_value='3276230420' WHERE setting_value='2919575458';
UPDATE `pds_core_settings` SET setting_value='3204262040' WHERE setting_value='3028423910';
UPDATE `pds_core_settings` SET setting_value='3968968736' WHERE setting_value='3050075760';
UPDATE `pds_core_settings` SET setting_value='2749758364' WHERE setting_value='3312846783';
UPDATE `pds_core_settings` SET setting_value='2509699192' WHERE setting_value='3471102397';
UPDATE `pds_core_settings` SET setting_value='3467402321' WHERE setting_value='3504480543';
UPDATE `pds_core_settings` SET setting_value='3642120161' WHERE setting_value='3546901407';
UPDATE `pds_core_settings` SET setting_value='1648130103' WHERE setting_value='3558353956';
UPDATE `pds_core_settings` SET setting_value='3440897808' WHERE setting_value='3597301525';
UPDATE `pds_core_settings` SET setting_value='1210756465' WHERE setting_value='3645935515';
UPDATE `pds_core_settings` SET setting_value='2390350678' WHERE setting_value='3978249010';
UPDATE `pds_core_settings` SET setting_value='2672247793' WHERE setting_value='4004939785';
UPDATE `pds_core_settings` SET setting_value='2313706889' WHERE setting_value='4124386268';
UPDATE `pds_core_settings` SET setting_value='885145814' WHERE setting_value='4210889892';
UPDATE `pds_core_settings` SET setting_value='1669337107' WHERE setting_value='4240333880';
UPDATE `pds_core_settings` SET setting_value='2751748213' WHERE setting_value='4250502693';

REPLACE INTO `pds_core_menu_structure` VALUES ('1', '2266433229', '0', '2');
REPLACE INTO `pds_core_menu_structure` VALUES ('2', '593333162', '0', '2');
REPLACE INTO `pds_core_menu_structure` VALUES ('3', '3727066128', '0', '2');
REPLACE INTO `pds_core_menu_structure` VALUES ('4', '1901799184', '0', '2');
REPLACE INTO `pds_core_menu_structure` VALUES ('5', '4283172353', '0', '2');
REPLACE INTO `pds_core_menu_structure` VALUES ('6', '3682403894', '0', '2');
REPLACE INTO `pds_core_menu_structure` VALUES ('7', '3776270042', '0', '2');
REPLACE INTO `pds_core_menu_structure` VALUES ('8', '2946674795', '0', '2');
REPLACE INTO `pds_core_menu_structure` VALUES ('9', '940041356', '0', '2');
REPLACE INTO `pds_core_menu_structure` VALUES ('10', '2143500606', '0', '2');
REPLACE INTO `pds_core_menu_structure` VALUES ('11', '2509699192', '1', '1');
REPLACE INTO `pds_core_menu_structure` VALUES ('12', '3669783681', '1', '3');
REPLACE INTO `pds_core_menu_structure` VALUES ('13', '863779375', '0', '4');
REPLACE INTO `pds_core_menu_structure` VALUES ('14', '1648130103', '0', '4');
REPLACE INTO `pds_core_menu_structure` VALUES ('15', '2390350678', '0', '4');
REPLACE INTO `pds_core_menu_structure` VALUES ('16', '2021208659', '0', '4');
REPLACE INTO `pds_core_menu_structure` VALUES ('17', '982913650', '1', '3');
REPLACE INTO `pds_core_menu_structure` VALUES ('18', '1363712008', '0', '4');
REPLACE INTO `pds_core_menu_structure` VALUES ('19', '585886089', '0', '4');
REPLACE INTO `pds_core_menu_structure` VALUES ('20', '1669337107', '0', '4');
REPLACE INTO `pds_core_menu_structure` VALUES ('21', '930839394', '1', '3');
REPLACE INTO `pds_core_menu_structure` VALUES ('22', '4134883375', '0', '4');
REPLACE INTO `pds_core_menu_structure` VALUES ('23', '1016054546', '0', '4');
REPLACE INTO `pds_core_menu_structure` VALUES ('24', '742061208', '0', '4');
REPLACE INTO `pds_core_menu_structure` VALUES ('25', '2953441878', '0', '4');
REPLACE INTO `pds_core_menu_structure` VALUES ('26', '2749758364', '0', '4');
REPLACE INTO `pds_core_menu_structure` VALUES ('27', '971937357', '0', '4');
REPLACE INTO `pds_core_menu_structure` VALUES ('28', '2565306204', '1', '3');
REPLACE INTO `pds_core_menu_structure` VALUES ('29', '1983356344', '0', '4');
REPLACE INTO `pds_core_menu_structure` VALUES ('30', '658744329', '0', '4');
REPLACE INTO `pds_core_menu_structure` VALUES ('31', '3201634706', '0', '4');
REPLACE INTO `pds_core_menu_structure` VALUES ('32', '3637061744', '0', '4');
REPLACE INTO `pds_core_menu_structure` VALUES ('33', '3968968736', '1', '3');
REPLACE INTO `pds_core_menu_structure` VALUES ('34', '3204262040', '0', '4');
REPLACE INTO `pds_core_menu_structure` VALUES ('35', '967550350', '0', '4');
REPLACE INTO `pds_core_menu_structure` VALUES ('36', '3440897808', '0', '4');
REPLACE INTO `pds_core_menu_structure` VALUES ('37', '4250544529', '0', '4');
REPLACE INTO `pds_core_menu_structure` VALUES ('38', '1411278578', '1', '3');
REPLACE INTO `pds_core_menu_structure` VALUES ('39', '3247623521', '0', '4');
REPLACE INTO `pds_core_menu_structure` VALUES ('40', '2672247793', '1', '3');
REPLACE INTO `pds_core_menu_structure` VALUES ('41', '131201277', '0', '4');
REPLACE INTO `pds_core_menu_structure` VALUES ('42', '1440418834', '0', '4');
REPLACE INTO `pds_core_menu_structure` VALUES ('43', '885145814', '0', '4');
REPLACE INTO `pds_core_menu_structure` VALUES ('44', '1210756465', '0', '4');
REPLACE INTO `pds_core_menu_structure` VALUES ('45', '3467402321', '0', '4');
REPLACE INTO `pds_core_menu_structure` VALUES ('46', '2751748213', '1', '3');
REPLACE INTO `pds_core_menu_structure` VALUES ('47', '3642120161', '0', '4');
REPLACE INTO `pds_core_menu_structure` VALUES ('48', '2313706889', '0', '4');
REPLACE INTO `pds_core_menu_structure` VALUES ('49', '1405303115', '0', '4');
REPLACE INTO `pds_core_menu_structure` VALUES ('50', '1814972020', '1', '3');
REPLACE INTO `pds_core_menu_structure` VALUES ('51', '3276230420', '0', '4');
REPLACE INTO `pds_core_menu_structure` VALUES ('52', '1772410402', '0', '4');
REPLACE INTO `pds_core_menu_structure` VALUES ('53', '304549792', '0', '4');
REPLACE INTO `pds_core_menu_structure` VALUES ('54', '2190226087', '1', '3');
REPLACE INTO `pds_core_menu_structure` VALUES ('55', '2387241520', '0', '4');
REPLACE INTO `pds_core_menu_structure` VALUES ('56', '48580716', '0', '4');
REPLACE INTO `pds_core_menu_structure` VALUES ('57', '2200445609', '0', '4');
REPLACE INTO `pds_core_menu_structure` VALUES ('58', '1886139891', '0', '4');

UPDATE `pds_core_user_role_permissions` SET menu_id='2143500606' WHERE menu_id='18035721';
UPDATE `pds_core_user_role_permissions` SET menu_id='2509699192' WHERE menu_id='36193340';
UPDATE `pds_core_user_role_permissions` SET menu_id='2190226087' WHERE menu_id='111123573';
UPDATE `pds_core_user_role_permissions` SET menu_id='1440418834' WHERE menu_id='191619429';
UPDATE `pds_core_user_role_permissions` SET menu_id='304549792' WHERE menu_id='208237294';
UPDATE `pds_core_user_role_permissions` SET menu_id='4134883375' WHERE menu_id='323817995';
UPDATE `pds_core_user_role_permissions` SET menu_id='940041356' WHERE menu_id='341181139';
UPDATE `pds_core_user_role_permissions` SET menu_id='3637061744' WHERE menu_id='356464753';
UPDATE `pds_core_user_role_permissions` SET menu_id='3247623521' WHERE menu_id='440547003';
UPDATE `pds_core_user_role_permissions` SET menu_id='1772410402' WHERE menu_id='640413872';
UPDATE `pds_core_user_role_permissions` SET menu_id='2200445609' WHERE menu_id='689617893';
UPDATE `pds_core_user_role_permissions` SET menu_id='2266433229' WHERE menu_id='784723190';
UPDATE `pds_core_user_role_permissions` SET menu_id='1886139891' WHERE menu_id='923195901';
UPDATE `pds_core_user_role_permissions` SET menu_id='48580716' WHERE menu_id='976247554';
UPDATE `pds_core_user_role_permissions` SET menu_id='930839394' WHERE menu_id='995545489';
UPDATE `pds_core_user_role_permissions` SET menu_id='863779375' WHERE menu_id='1129046760';
UPDATE `pds_core_user_role_permissions` SET menu_id='967550350' WHERE menu_id='1167514587';
UPDATE `pds_core_user_role_permissions` SET menu_id='971937357' WHERE menu_id='1195285370';
UPDATE `pds_core_user_role_permissions` SET menu_id='1405303115' WHERE menu_id='1220452686';
UPDATE `pds_core_user_role_permissions` SET menu_id='2565306204' WHERE menu_id='1256715608';
UPDATE `pds_core_user_role_permissions` SET menu_id='131201277' WHERE menu_id='1459959902';
UPDATE `pds_core_user_role_permissions` SET menu_id='2946674795' WHERE menu_id='1583657847';
UPDATE `pds_core_user_role_permissions` SET menu_id='742061208' WHERE menu_id='1667569329';
UPDATE `pds_core_user_role_permissions` SET menu_id='1016054546' WHERE menu_id='1704206302';
UPDATE `pds_core_user_role_permissions` SET menu_id='1983356344' WHERE menu_id='1728148211';
UPDATE `pds_core_user_role_permissions` SET menu_id='585886089' WHERE menu_id='1730011201';
UPDATE `pds_core_user_role_permissions` SET menu_id='1814972020' WHERE menu_id='1807876231';
UPDATE `pds_core_user_role_permissions` SET menu_id='3669783681' WHERE menu_id='1819433951';
UPDATE `pds_core_user_role_permissions` SET menu_id='4283172353' WHERE menu_id='1942614051';
UPDATE `pds_core_user_role_permissions` SET menu_id='1901799184' WHERE menu_id='1964924197';
UPDATE `pds_core_user_role_permissions` SET menu_id='2953441878' WHERE menu_id='2318318403';
UPDATE `pds_core_user_role_permissions` SET menu_id='3776270042' WHERE menu_id='2371016010';
UPDATE `pds_core_user_role_permissions` SET menu_id='3682403894' WHERE menu_id='2591259490';
UPDATE `pds_core_user_role_permissions` SET menu_id='4250544529' WHERE menu_id='2609365664';
UPDATE `pds_core_user_role_permissions` SET menu_id='3201634706' WHERE menu_id='2642477313';
UPDATE `pds_core_user_role_permissions` SET menu_id='3727066128' WHERE menu_id='2722875804';
UPDATE `pds_core_user_role_permissions` SET menu_id='1411278578' WHERE menu_id='2817750288';
UPDATE `pds_core_user_role_permissions` SET menu_id='2387241520' WHERE menu_id='2825714462';
UPDATE `pds_core_user_role_permissions` SET menu_id='1363712008' WHERE menu_id='2847185666';
UPDATE `pds_core_user_role_permissions` SET menu_id='658744329' WHERE menu_id='2855569662';
UPDATE `pds_core_user_role_permissions` SET menu_id='3276230420' WHERE menu_id='2919575458';
UPDATE `pds_core_user_role_permissions` SET menu_id='3204262040' WHERE menu_id='3028423910';
UPDATE `pds_core_user_role_permissions` SET menu_id='3968968736' WHERE menu_id='3050075760';
UPDATE `pds_core_user_role_permissions` SET menu_id='2749758364' WHERE menu_id='3312846783';
UPDATE `pds_core_user_role_permissions` SET menu_id='2509699192' WHERE menu_id='3471102397';
UPDATE `pds_core_user_role_permissions` SET menu_id='3467402321' WHERE menu_id='3504480543';
UPDATE `pds_core_user_role_permissions` SET menu_id='3642120161' WHERE menu_id='3546901407';
UPDATE `pds_core_user_role_permissions` SET menu_id='1648130103' WHERE menu_id='3558353956';
UPDATE `pds_core_user_role_permissions` SET menu_id='3440897808' WHERE menu_id='3597301525';
UPDATE `pds_core_user_role_permissions` SET menu_id='1210756465' WHERE menu_id='3645935515';
UPDATE `pds_core_user_role_permissions` SET menu_id='2390350678' WHERE menu_id='3978249010';
UPDATE `pds_core_user_role_permissions` SET menu_id='2672247793' WHERE menu_id='4004939785';
UPDATE `pds_core_user_role_permissions` SET menu_id='2313706889' WHERE menu_id='4124386268';
UPDATE `pds_core_user_role_permissions` SET menu_id='885145814' WHERE menu_id='4210889892';
UPDATE `pds_core_user_role_permissions` SET menu_id='1669337107' WHERE menu_id='4240333880';
UPDATE `pds_core_user_role_permissions` SET menu_id='2751748213' WHERE menu_id='4250502693';

REPLACE INTO `pds_core_user_role_permissions` VALUES ('','5','4283172353');
REPLACE INTO `pds_core_user_role_permissions` VALUES ('','1','2021208659');
REPLACE INTO `pds_core_user_role_permissions` VALUES ('','1','982913650');
REPLACE INTO `pds_core_user_role_permissions` VALUES ('','1','3467402321');

REPLACE INTO `pds_core_templates` VALUES ('523491234', 'corporate');
REPLACE INTO `pds_core_templates` VALUES ('844895956', 'cloud');
REPLACE INTO `pds_core_templates` VALUES ('1757887940', 'empty');
REPLACE INTO `pds_core_templates` VALUES ('1853738931', 'cloud-simple');
REPLACE INTO `pds_core_templates` VALUES ('1917546700', 'corporate-simple');
REPLACE INTO `pds_core_templates` VALUES ('4017220691', 'cloud-printable');

REPLACE INTO `pds_core_settings` VALUES ('PHPDevShell_ftp_enable', '0');
REPLACE INTO `pds_core_settings` VALUES ('PHPDevShell_ftp_host', 'localhost');
REPLACE INTO `pds_core_settings` VALUES ('PHPDevShell_ftp_password', '');
REPLACE INTO `pds_core_settings` VALUES ('PHPDevShell_ftp_port', '21');
REPLACE INTO `pds_core_settings` VALUES ('PHPDevShell_ftp_root', '');
REPLACE INTO `pds_core_settings` VALUES ('PHPDevShell_ftp_ssl', '0');
REPLACE INTO `pds_core_settings` VALUES ('PHPDevShell_ftp_timeout', '90');
REPLACE INTO `pds_core_settings` VALUES ('PHPDevShell_ftp_username', '');
REPLACE INTO `pds_core_settings` VALUES ('PHPDevShell_graphics_engine', 'gd');
